{"ProjectBreakpoints":"{\"Value\":{\"excercises2.xaml\":[{\"ConditionalExpression\":null,\"ActionExpression\":null,\"ExpectedHitCounter\":null,\"ShouldContinueAfterAction\":false,\"IsEnabled\":true,\"ActivityId\":\"1.34\",\"ActivityName\":\"VisualBasicReference<Int32>\"},{\"ConditionalExpression\":null,\"ActionExpression\":null,\"ExpectedHitCounter\":null,\"ShouldContinueAfterAction\":false,\"IsEnabled\":false,\"ActivityId\":\"1.49\",\"ActivityName\":\"Assign counter\"},{\"ConditionalExpression\":null,\"ActionExpression\":null,\"ExpectedHitCounter\":null,\"ShouldContinueAfterAction\":false,\"IsEnabled\":false,\"ActivityId\":\"1.12\",\"ActivityName\":\"For Each Row- for checking data-compare common rows exists if so remove it\"},{\"ConditionalExpression\":null,\"ActionExpression\":null,\"ExpectedHitCounter\":null,\"ShouldContinueAfterAction\":false,\"IsEnabled\":false,\"ActivityId\":\"1.33\",\"ActivityName\":\"Assign counter\"},{\"ConditionalExpression\":null,\"ActionExpression\":null,\"ExpectedHitCounter\":null,\"ShouldContinueAfterAction\":false,\"IsEnabled\":false,\"ActivityId\":\"1.11\",\"ActivityName\":\"Write Line\"}]}}","OpenedDocuments":"[\"excercises2.xaml\"]","ProjectWatches":"{\"Value\":[]}"}