{"ProjectBreakpoints":"{\"Value\":{\"excercise3.xaml\":[{\"ConditionalExpression\":null,\"ActionExpression\":null,\"ExpectedHitCounter\":null,\"ShouldContinueAfterAction\":false,\"IsEnabled\":true,\"ActivityId\":\"1.148\",\"ActivityName\":\"Read Range\"},{\"ConditionalExpression\":null,\"ActionExpression\":null,\"ExpectedHitCounter\":null,\"ShouldContinueAfterAction\":false,\"IsEnabled\":true,\"ActivityId\":\"1.45\",\"ActivityName\":\"Sequence\"},{\"ConditionalExpression\":null,\"ActionExpression\":null,\"ExpectedHitCounter\":null,\"ShouldContinueAfterAction\":false,\"IsEnabled\":true,\"ActivityId\":\"1.130\",\"ActivityName\":\"Assign\"}]}}","OpenedDocuments":"[\"excercise3.xaml\",\"Main.xaml\"]","ProjectWatches":"{\"Value\":[]}"}