{"ProjectBreakpoints":"{\"Value\":{\"Excercises.xaml\":[{\"ConditionalExpression\":null,\"ActionExpression\":null,\"ExpectedHitCounter\":null,\"ShouldContinueAfterAction\":false,\"IsEnabled\":true,\"ActivityId\":\"1.40\",\"ActivityName\":\"Literal<String>\"},{\"ConditionalExpression\":null,\"ActionExpression\":null,\"ExpectedHitCounter\":null,\"ShouldContinueAfterAction\":false,\"IsEnabled\":false,\"ActivityId\":\"1.114\",\"ActivityName\":\"Assign folder path\"}]}}","OpenedDocuments":"[\"Excercises.xaml\"]","ProjectWatches":"{\"Value\":[]}"}